<?xml version="1.0" encoding="UTF-8"?>
<root>
  <item name="com.youth.banner.config.IndicatorConfig com.youth.banner.config.IndicatorConfig setGravity(int) 0">
    <annotation name="androidx.annotation.IntDef">
      <val name="value" val="{com.youth.banner.config.IndicatorConfig.Direction.LEFT, com.youth.banner.config.IndicatorConfig.Direction.CENTER, com.youth.banner.config.IndicatorConfig.Direction.RIGHT}" />
    </annotation>
  </item>
  <item name="com.youth.banner.config.IndicatorConfig.Direction">
    <annotation name="androidx.annotation.IntDef">
      <val name="value" val="{com.youth.banner.config.IndicatorConfig.Direction.LEFT, com.youth.banner.config.IndicatorConfig.Direction.CENTER, com.youth.banner.config.IndicatorConfig.Direction.RIGHT}" />
    </annotation>
  </item>
</root>

