<?xml version="1.0" encoding="UTF-8"?>
<root>
  <item name="com.youth.banner.Banner com.youth.banner.Banner setIndicatorGravity(int) 0">
    <annotation name="androidx.annotation.IntDef">
      <val name="value" val="{com.youth.banner.config.IndicatorConfig.Direction.LEFT, com.youth.banner.config.IndicatorConfig.Direction.CENTER, com.youth.banner.config.IndicatorConfig.Direction.RIGHT}" />
    </annotation>
  </item>
  <item name="com.youth.banner.Banner com.youth.banner.Banner setOrientation(int) 0">
    <annotation name="androidx.annotation.IntDef">
      <val name="value" val="{com.youth.banner.Banner.HORIZONTAL, com.youth.banner.Banner.VERTICAL}" />
    </annotation>
  </item>
  <item name="com.youth.banner.Banner.Orientation">
    <annotation name="androidx.annotation.IntDef">
      <val name="value" val="{com.youth.banner.Banner.HORIZONTAL, com.youth.banner.Banner.VERTICAL}" />
    </annotation>
  </item>
</root>

